"reg","loc","year","ave"
1,"A",1950,NA
1,"A",1951,-18.56666667
1,"A",1952,-17.55
1,"A",1953,-16.85
1,"A",1954,-17.85
1,"A",1955,-18.2
1,"A",1956,-18.34166667
1,"A",1957,-18.08333333
1,"A",1958,-17.03333333
1,"A",1959,-18.05
1,"A",1960,-17.75
1,"A",1961,-18.86666667
1,"A",1962,-17.11666667
1,"A",1963,-17.71666667
1,"A",1964,-18.69166667
1,"A",1965,-17.34166667
1,"A",1966,-18.95833333
1,"A",1967,-17.25
1,"A",1968,-18.85
1,"A",1969,-17.775
1,"A",1970,-18.55833333
1,"A",1971,-17.94166667
1,"A",1972,-18.80833333
1,"A",1973,-18.45
1,"A",1974,-18.86666667
1,"A",1975,-19
1,"A",1976,-18.71666667
1,"A",1977,-19.125
1,"A",1978,-17.74166667
1,"A",1979,-19.675
1,"A",1980,-17.95833333
1,"A",1981,-15.91666667
1,"A",1982,-18.45833333
1,"A",1983,-17.83333333
1,"A",1984,-18.6
1,"A",1985,-18.71666667
1,"A",1986,-18.26666667
1,"A",1987,-18.81666667
1,"A",1988,-16.85
1,"A",1989,-18.20833333
1,"A",1990,-17.58333333
1,"A",1991,-16.925
1,"A",1992,-18.70833333
1,"A",1993,-17.71666667
1,"A",1994,-17.21666667
1,"A",1995,-17.14166667
1,"A",1996,-16.55
1,"A",1997,-17.66666667
1,"A",1998,-16.225
1,"A",1999,-17.89166667
1,"A",2000,NA
1,"A",2001,-18.2
1,"A",2002,-17.46666667
1,"A",2003,-17.54166667
1,"A",2004,-19.41666667
1,"A",2005,-16.68333333
1,"A",2006,NA
1,"A",2007,NA
1,"M",1950,-18.53333333
1,"M",1951,-17.025
1,"M",1952,-16.95
1,"M",1953,-17.35833333
1,"M",1954,-17.65833333
1,"M",1955,-18.20833333
1,"M",1956,-18.50833333
1,"M",1957,-17.89166667
1,"M",1958,-17.10833333
1,"M",1959,-17.45833333
1,"M",1960,-16.825
1,"M",1961,-18.44166667
1,"M",1962,-16.73333333
1,"M",1963,-17.56666667
1,"M",1964,-19.4
1,"M",1965,-17.85833333
1,"M",1966,-18.45
1,"M",1967,-18.175
1,"M",1968,-18.30833333
1,"M",1969,-16.7
1,"M",1970,-18.16666667
1,"M",1971,-17.46666667
1,"M",1972,-18.99166667
1,"M",1973,-16.41666667
1,"M",1974,-19.05
1,"M",1975,-18.3
1,"M",1976,-17.85833333
1,"M",1977,-17.6
1,"M",1978,-17.44166667
1,"M",1979,-18.75833333
1,"M",1980,-17.5
1,"M",1981,-15.70833333
1,"M",1982,-18.75833333
1,"M",1983,-17.41666667
1,"M",1984,-17.65833333
1,"M",1985,-18.15833333
1,"M",1986,-18.54166667
1,"M",1987,-18.28333333
1,"M",1988,-16.08333333
1,"M",1989,-16.88333333
1,"M",1990,-17.025
1,"M",1991,-17.725
1,"M",1992,-17.35833333
1,"M",1993,-16.16666667
1,"M",1994,-17.54166667
1,"M",1995,-15.94166667
1,"M",1996,-17.04166667
1,"M",1997,NA
1,"M",1998,NA
1,"M",1999,NA
1,"M",2000,NA
1,"M",2001,NA
1,"M",2002,NA
1,"M",2003,-17.14166667
1,"M",2004,NA
1,"M",2005,-16.61666667
1,"M",2006,-14.58333333
1,"M",2007,NA
1,"S",1950,NA
1,"S",1951,NA
1,"S",1952,NA
1,"S",1953,NA
1,"S",1954,NA
1,"S",1955,NA
1,"S",1956,-15.425
1,"S",1957,-14.63333333
1,"S",1958,-13.31666667
1,"S",1959,-14.59166667
1,"S",1960,NA
1,"S",1961,-15.39166667
1,"S",1962,-12.35833333
1,"S",1963,-13.39166667
1,"S",1964,-16.125
1,"S",1965,-14.13333333
1,"S",1966,-14.16666667
1,"S",1967,-15.00833333
1,"S",1968,-13.325
1,"S",1969,-12.625
1,"S",1970,-13.55
1,"S",1971,-13.625
1,"S",1972,-15.325
1,"S",1973,-12.20833333
1,"S",1974,-16.60833333
1,"S",1975,-14.425
1,"S",1976,-13.54166667
1,"S",1977,-12.10833333
1,"S",1978,-13.96666667
1,"S",1979,-14.16666667
1,"S",1980,-13.95833333
1,"S",1981,-10.76666667
1,"S",1982,-14.73333333
1,"S",1983,-13.74166667
1,"S",1984,-14.29166667
1,"S",1985,-14.36666667
1,"S",1986,NA
1,"S",1987,-12.75
1,"S",1988,NA
1,"S",1989,NA
1,"S",1990,NA
1,"S",1991,-14.33333333
1,"S",1992,-12.77272727
1,"S",1993,NA
1,"S",1994,-13.58333333
1,"S",1995,-12.39166667
1,"S",1996,-13.51666667
1,"S",1997,-13.20833333
1,"S",1998,-8.758333333
1,"S",1999,-11.6
1,"S",2000,-13.675
1,"S",2001,-11.58333333
1,"S",2002,-12.95833333
1,"S",2003,-12.54166667
1,"S",2004,NA
1,"S",2005,-12.8
1,"S",2006,-10.24166667
1,"S",2007,NA
0,"V",1950,9.1
0,"V",1951,9.741666667
0,"V",1952,9.941666667
0,"V",1953,10.6
0,"V",1954,9.691666667
0,"V",1955,8.741666667
0,"V",1956,9.616666667
0,"V",1957,9.933333333
0,"V",1958,11.275
0,"V",1959,10.01666667
0,"V",1960,10.08333333
0,"V",1961,10.39166667
0,"V",1962,9.975
0,"V",1963,10.38333333
0,"V",1964,9.475
0,"V",1965,10.03333333
0,"V",1966,10.13333333
0,"V",1967,10.375
0,"V",1968,9.983333333
0,"V",1969,9.941666667
0,"V",1970,9.925
0,"V",1971,9.433333333
0,"V",1972,9.508333333
0,"V",1973,9.808333333
0,"V",1974,10.25833333
0,"V",1975,9.55
0,"V",1976,9.816666667
0,"V",1977,9.841666667
0,"V",1978,10.09166667
0,"V",1979,10.34166667
0,"V",1980,10.04166667
0,"V",1981,10.63333333
0,"V",1982,9.933333333
0,"V",1983,10.73333333
0,"V",1984,10.00833333
0,"V",1985,9.416666667
0,"V",1986,10.56666667
0,"V",1987,11.1
0,"V",1988,NA
0,"V",1989,NA
0,"V",1990,NA
0,"V",1991,NA
0,"V",1992,NA
0,"V",1993,NA
0,"V",1994,11
0,"V",1995,11.35
0,"V",1996,10.30833333
0,"V",1997,11.28333333
0,"V",1998,11.33333333
0,"V",1999,10.53333333
0,"V",2000,10.53333333
0,"V",2001,10.48333333
0,"V",2002,10.6
0,"V",2003,11.24166667
0,"V",2004,NA
0,"V",2005,NA
0,"V",2006,NA
0,"V",2007,NA
0,"W",1950,8.625
0,"W",1951,8.941666667
0,"W",1952,10.09166667
0,"W",1953,10.38333333
0,"W",1954,9.691666667
0,"W",1955,10.16666667
0,"W",1956,9.1
0,"W",1957,9.141666667
0,"W",1958,8.733333333
0,"W",1959,9.45
0,"W",1960,8.825
0,"W",1961,9.15
0,"W",1962,8.7
0,"W",1963,8.35
0,"W",1964,9.35
0,"W",1965,8.658333333
0,"W",1966,8.575
0,"W",1967,8.466666667
0,"W",1968,8.891666667
0,"W",1969,8.658333333
0,"W",1970,9.041666667
0,"W",1971,9.608333333
0,"W",1972,8.516666667
0,"W",1973,10.24166667
0,"W",1974,8.983333333
0,"W",1975,9.758333333
0,"W",1976,8.633333333
0,"W",1977,9.191666667
0,"W",1978,8.366666667
0,"W",1979,8.491666667
0,"W",1980,8.666666667
0,"W",1981,9.108333333
0,"W",1982,8.95
0,"W",1983,9.608333333
0,"W",1984,9.308333333
0,"W",1985,9.391666667
0,"W",1986,9.583333333
0,"W",1987,10.50833333
0,"W",1988,9.783333333
0,"W",1989,8.816666667
0,"W",1990,10.34166667
0,"W",1991,10.675
0,"W",1992,8.866666667
0,"W",1993,9.05
0,"W",1994,9.325
0,"W",1995,9.391666667
0,"W",1996,8.85
0,"W",1997,9.033333333
0,"W",1998,11.875
0,"W",1999,10.68333333
0,"W",2000,9.783333333
0,"W",2001,10.73333333
0,"W",2002,10.49166667
0,"W",2003,9.2
0,"W",2004,9.891666667
0,"W",2005,10.4
0,"W",2006,11.19166667
0,"W",2007,10.65833333
0,"Y",1950,7.033333333
0,"Y",1951,8.316666667
0,"Y",1952,7.641666667
0,"Y",1953,8.316666667
0,"Y",1954,7.316666667
0,"Y",1955,6.85
0,"Y",1956,6.666666667
0,"Y",1957,7.3
0,"Y",1958,6.916666667
0,"Y",1959,6.991666667
0,"Y",1960,7.391666667
0,"Y",1961,6.808333333
0,"Y",1962,6.225
0,"Y",1963,6.416666667
0,"Y",1964,6.216666667
0,"Y",1965,5.616666667
0,"Y",1966,6.683333333
0,"Y",1967,6.166666667
0,"Y",1968,6.716666667
0,"Y",1969,7.458333333
0,"Y",1970,6.55
0,"Y",1971,6.8
0,"Y",1972,6.225
0,"Y",1973,7.425
0,"Y",1974,6.4
0,"Y",1975,6.758333333
0,"Y",1976,6.95
0,"Y",1977,6.783333333
0,"Y",1978,6.133333333
0,"Y",1979,7.608333333
0,"Y",1980,6.366666667
0,"Y",1981,7.341666667
0,"Y",1982,6.758333333
0,"Y",1983,7.475
0,"Y",1984,7.516666667
0,"Y",1985,6.591666667
0,"Y",1986,6.8
0,"Y",1987,6.766666667
0,"Y",1988,6.866666667
0,"Y",1989,6.5
0,"Y",1990,7.741666667
0,"Y",1991,7.316666667
0,"Y",1992,5.95
0,"Y",1993,6.558333333
0,"Y",1994,6.991666667
0,"Y",1995,7.091666667
0,"Y",1996,6.7
0,"Y",1997,6.508333333
0,"Y",1998,7.641666667
0,"Y",1999,8.483333333
0,"Y",2000,7.5
0,"Y",2001,7.341666667
0,"Y",2002,7.55
0,"Y",2003,6.9
0,"Y",2004,6.25
0,"Y",2005,7.283333333
0,"Y",2006,8.25
0,"Y",2007,6.8
